<?xml version="1.0" encoding="UTF-8"?><MD_Metadata xmlns:gts="http://www.isotc211.org/2005/gts" xmlns:gco="http://www.isotc211.org/2005/gco" xmlns:xalan="http://xml.apache.org/xalan" xmlns:srv="http://www.isotc211.org/2005/srv" xmlns:gmx="http://www.isotc211.org/2005/gmx" xmlns:xlink="http://www.w3.org/1999/xlink" xmlns:xsi="http://www.w3.org/2001/XMLSchema-instance" xmlns:gml="http://www.opengis.net/gml" xmlns="http://www.isotc211.org/2005/gmd">
    <language>
        <LanguageCode codeList="http://www.loc.gov/standards/iso639-2/php/code_list.php" codeListValue="eng" codeSpace="ISO639-2">eng</LanguageCode>
    </language>
    <characterSet>
        <MD_CharacterSetCode codeList="http://www.isotc211.org/2005/resources/Codelist/gmxCodelists.xml#MD_CharacterSetCode" codeListValue="utf8" codeSpace="ISOTC211/19115">utf8</MD_CharacterSetCode>
    </characterSet>
    <hierarchyLevel>
        <MD_ScopeCode codeList="http://www.isotc211.org/2005/resources/Codelist/gmxCodelists.xml#MD_ScopeCode" codeListValue="dataset" codeSpace="ISOTC211/19115">dataset</MD_ScopeCode>
    </hierarchyLevel>
    <hierarchyLevelName>
        <gco:CharacterString>dataset</gco:CharacterString>
    </hierarchyLevelName>
    <contact gco:nilReason="missing"/>
    <dateStamp>
        <gco:Date>2021-06-18</gco:Date>
    </dateStamp>
    <metadataStandardName>
        <gco:CharacterString>ISO 19139 Geographic Information - Metadata - Implementation Specification</gco:CharacterString>
    </metadataStandardName>
    <metadataStandardVersion>
        <gco:CharacterString>2007</gco:CharacterString>
    </metadataStandardVersion>
    <spatialRepresentationInfo>
        <MD_VectorSpatialRepresentation>
            <topologyLevel>
                <MD_TopologyLevelCode codeList="http://www.isotc211.org/2005/resources/Codelist/gmxCodelists.xml#MD_TopologyLevelCode" codeListValue="geometryOnly" codeSpace="ISOTC211/19115">geometryOnly</MD_TopologyLevelCode>
            </topologyLevel>
            <geometricObjects>
                <MD_GeometricObjects>
                    <geometricObjectType>
                        <MD_GeometricObjectTypeCode codeList="http://www.isotc211.org/2005/resources/Codelist/gmxCodelists.xml#MD_GeometricObjectTypeCode" codeListValue="point" codeSpace="ISOTC211/19115">point</MD_GeometricObjectTypeCode>
                    </geometricObjectType>
                    <geometricObjectCount>
                        <gco:Integer>12556</gco:Integer>
                    </geometricObjectCount>
                </MD_GeometricObjects>
            </geometricObjects>
        </MD_VectorSpatialRepresentation>
    </spatialRepresentationInfo>
    <referenceSystemInfo>
        <MD_ReferenceSystem>
            <referenceSystemIdentifier>
                <RS_Identifier>
                    <code>
                        <gco:CharacterString>4326</gco:CharacterString>
                    </code>
                    <codeSpace>
                        <gco:CharacterString>EPSG</gco:CharacterString>
                    </codeSpace>
                    <version>
                        <gco:CharacterString>6.14(3.0.1)</gco:CharacterString>
                    </version>
                </RS_Identifier>
            </referenceSystemIdentifier>
        </MD_ReferenceSystem>
    </referenceSystemInfo>
    <identificationInfo>
        <MD_DataIdentification>
            <citation>
                <CI_Citation>
                    <title>
                        <gco:CharacterString>Power_Plants</gco:CharacterString>
                    </title>
                    <date gco:nilReason="missing"/>
                    <presentationForm>
                        <CI_PresentationFormCode codeList="http://www.isotc211.org/2005/resources/Codelist/gmxCodelists.xml#CI_PresentationFormCode" codeListValue="mapDigital" codeSpace="ISOTC211/19115">mapDigital</CI_PresentationFormCode>
                    </presentationForm>
                </CI_Citation>
            </citation>
            <abstract>
                <gco:CharacterString>This feature class/shapefile represents electric power plants. Power plants are all the land and land rights, structures and improvements, boiler or reactor vessel equipment, engines and engine-driven generators, turbo generator units, accessory electric equipment, and miscellaneous power plant equipment are grouped together for each individual facility. Included are the following plant types: hydroelectric dams, fossil fuel (coal, natural gas, or oil), nuclear, solar, wind, geothermal, and biomass. The following updates have been made since the previous release: 746 features added.</gco:CharacterString>
            </abstract>
            <purpose>
                <gco:CharacterString>This feature class/shapefile is for the Homeland Infrastructure Foundation Level Database (HIFLD) (https://gii.dhs.gov/HIFLD) as well as the Energy modelling and simulation community.</gco:CharacterString>
            </purpose>
            <credit>
                <gco:CharacterString>Oak Ridge National Laboratory (ORNL), Los Alamos National Laboratory (LANL), Idaho National Laboratory (INL), National Geospatial-Intelligence Agency (NGA) Homeland Security Infrastructure Program (HSIP) Team</gco:CharacterString>
            </credit>
            <descriptiveKeywords>
                <MD_Keywords>
                    <keyword>
                        <gco:CharacterString>Downloadable Data</gco:CharacterString>
                    </keyword>
                    <thesaurusName uuidref="723f6998-058e-11dc-8314-0800200c9a66"/>
                </MD_Keywords>
            </descriptiveKeywords>
            <descriptiveKeywords>
                <MD_Keywords>
                    <keyword>
                        <gco:CharacterString>homeland security</gco:CharacterString>
                    </keyword>
                    <keyword>
                        <gco:CharacterString>homeland defense</gco:CharacterString>
                    </keyword>
                    <keyword>
                        <gco:CharacterString>emergency response</gco:CharacterString>
                    </keyword>
                    <keyword>
                        <gco:CharacterString>name</gco:CharacterString>
                    </keyword>
                    <keyword>
                        <gco:CharacterString>address</gco:CharacterString>
                    </keyword>
                    <keyword>
                        <gco:CharacterString>type</gco:CharacterString>
                    </keyword>
                    <keyword>
                        <gco:CharacterString>status</gco:CharacterString>
                    </keyword>
                    <keyword>
                        <gco:CharacterString>power</gco:CharacterString>
                    </keyword>
                    <keyword>
                        <gco:CharacterString>grid</gco:CharacterString>
                    </keyword>
                    <keyword>
                        <gco:CharacterString>generation</gco:CharacterString>
                    </keyword>
                    <keyword>
                        <gco:CharacterString>megawatts</gco:CharacterString>
                    </keyword>
                    <keyword>
                        <gco:CharacterString>power plants</gco:CharacterString>
                    </keyword>
                    <keyword>
                        <gco:CharacterString>electric</gco:CharacterString>
                    </keyword>
                    <keyword>
                        <gco:CharacterString>energy infrastructure</gco:CharacterString>
                    </keyword>
                    <keyword>
                        <gco:CharacterString>operators</gco:CharacterString>
                    </keyword>
                    <keyword>
                        <gco:CharacterString>capacity</gco:CharacterString>
                    </keyword>
                    <keyword>
                        <gco:CharacterString>generating units</gco:CharacterString>
                    </keyword>
                    <keyword>
                        <gco:CharacterString>fuel</gco:CharacterString>
                    </keyword>
                    <keyword>
                        <gco:CharacterString>nuclear</gco:CharacterString>
                    </keyword>
                    <keyword>
                        <gco:CharacterString>hydroelectric</gco:CharacterString>
                    </keyword>
                    <keyword>
                        <gco:CharacterString>fossil fuels</gco:CharacterString>
                    </keyword>
                    <keyword>
                        <gco:CharacterString>solar</gco:CharacterString>
                    </keyword>
                    <keyword>
                        <gco:CharacterString>wind</gco:CharacterString>
                    </keyword>
                    <keyword>
                        <gco:CharacterString>geothermal</gco:CharacterString>
                    </keyword>
                    <keyword>
                        <gco:CharacterString>biomass</gco:CharacterString>
                    </keyword>
                </MD_Keywords>
            </descriptiveKeywords>
            <descriptiveKeywords>
                <MD_Keywords>
                    <keyword>
                        <gco:CharacterString>homeland security</gco:CharacterString>
                    </keyword>
                    <keyword>
                        <gco:CharacterString>homeland defense</gco:CharacterString>
                    </keyword>
                    <keyword>
                        <gco:CharacterString>emergency response</gco:CharacterString>
                    </keyword>
                    <keyword>
                        <gco:CharacterString>name</gco:CharacterString>
                    </keyword>
                    <keyword>
                        <gco:CharacterString>address</gco:CharacterString>
                    </keyword>
                    <keyword>
                        <gco:CharacterString>type</gco:CharacterString>
                    </keyword>
                    <keyword>
                        <gco:CharacterString>status</gco:CharacterString>
                    </keyword>
                    <keyword>
                        <gco:CharacterString>power</gco:CharacterString>
                    </keyword>
                    <keyword>
                        <gco:CharacterString>grid</gco:CharacterString>
                    </keyword>
                    <keyword>
                        <gco:CharacterString>generation</gco:CharacterString>
                    </keyword>
                    <keyword>
                        <gco:CharacterString>megawatts</gco:CharacterString>
                    </keyword>
                    <keyword>
                        <gco:CharacterString>power plants</gco:CharacterString>
                    </keyword>
                    <keyword>
                        <gco:CharacterString>electric</gco:CharacterString>
                    </keyword>
                    <keyword>
                        <gco:CharacterString>energy infrastructure</gco:CharacterString>
                    </keyword>
                    <keyword>
                        <gco:CharacterString>operators</gco:CharacterString>
                    </keyword>
                    <keyword>
                        <gco:CharacterString>capacity</gco:CharacterString>
                    </keyword>
                    <keyword>
                        <gco:CharacterString>generating units</gco:CharacterString>
                    </keyword>
                    <keyword>
                        <gco:CharacterString>fuel</gco:CharacterString>
                    </keyword>
                    <keyword>
                        <gco:CharacterString>nuclear</gco:CharacterString>
                    </keyword>
                    <keyword>
                        <gco:CharacterString>hydroelectric</gco:CharacterString>
                    </keyword>
                    <keyword>
                        <gco:CharacterString>fossil fuels</gco:CharacterString>
                    </keyword>
                    <keyword>
                        <gco:CharacterString>solar</gco:CharacterString>
                    </keyword>
                    <keyword>
                        <gco:CharacterString>wind</gco:CharacterString>
                    </keyword>
                    <keyword>
                        <gco:CharacterString>geothermal</gco:CharacterString>
                    </keyword>
                    <keyword>
                        <gco:CharacterString>biomass</gco:CharacterString>
                    </keyword>
                </MD_Keywords>
            </descriptiveKeywords>
            <descriptiveKeywords>
                <MD_Keywords>
                    <keyword>
                        <gco:CharacterString>homeland security</gco:CharacterString>
                    </keyword>
                    <keyword>
                        <gco:CharacterString>homeland defense</gco:CharacterString>
                    </keyword>
                    <keyword>
                        <gco:CharacterString>emergency response</gco:CharacterString>
                    </keyword>
                    <keyword>
                        <gco:CharacterString>name</gco:CharacterString>
                    </keyword>
                    <keyword>
                        <gco:CharacterString>address</gco:CharacterString>
                    </keyword>
                    <keyword>
                        <gco:CharacterString>type</gco:CharacterString>
                    </keyword>
                    <keyword>
                        <gco:CharacterString>status</gco:CharacterString>
                    </keyword>
                    <keyword>
                        <gco:CharacterString>power</gco:CharacterString>
                    </keyword>
                    <keyword>
                        <gco:CharacterString>grid</gco:CharacterString>
                    </keyword>
                    <keyword>
                        <gco:CharacterString>generation</gco:CharacterString>
                    </keyword>
                    <keyword>
                        <gco:CharacterString>megawatts</gco:CharacterString>
                    </keyword>
                    <keyword>
                        <gco:CharacterString>power plants</gco:CharacterString>
                    </keyword>
                    <keyword>
                        <gco:CharacterString>electric</gco:CharacterString>
                    </keyword>
                    <keyword>
                        <gco:CharacterString>energy infrastructure</gco:CharacterString>
                    </keyword>
                    <keyword>
                        <gco:CharacterString>operators</gco:CharacterString>
                    </keyword>
                    <keyword>
                        <gco:CharacterString>capacity</gco:CharacterString>
                    </keyword>
                    <keyword>
                        <gco:CharacterString>generating units</gco:CharacterString>
                    </keyword>
                    <keyword>
                        <gco:CharacterString>fuel</gco:CharacterString>
                    </keyword>
                    <keyword>
                        <gco:CharacterString>nuclear</gco:CharacterString>
                    </keyword>
                    <keyword>
                        <gco:CharacterString>hydroelectric</gco:CharacterString>
                    </keyword>
                    <keyword>
                        <gco:CharacterString>fossil fuels</gco:CharacterString>
                    </keyword>
                    <keyword>
                        <gco:CharacterString>solar</gco:CharacterString>
                    </keyword>
                    <keyword>
                        <gco:CharacterString>wind</gco:CharacterString>
                    </keyword>
                    <keyword>
                        <gco:CharacterString>geothermal</gco:CharacterString>
                    </keyword>
                    <keyword>
                        <gco:CharacterString>biomass</gco:CharacterString>
                    </keyword>
                </MD_Keywords>
            </descriptiveKeywords>
            <descriptiveKeywords>
                <MD_Keywords>
                    <keyword>
                        <gco:CharacterString>homeland security</gco:CharacterString>
                    </keyword>
                    <keyword>
                        <gco:CharacterString>homeland defense</gco:CharacterString>
                    </keyword>
                    <keyword>
                        <gco:CharacterString>emergency response</gco:CharacterString>
                    </keyword>
                    <keyword>
                        <gco:CharacterString>name</gco:CharacterString>
                    </keyword>
                    <keyword>
                        <gco:CharacterString>address</gco:CharacterString>
                    </keyword>
                    <keyword>
                        <gco:CharacterString>type</gco:CharacterString>
                    </keyword>
                    <keyword>
                        <gco:CharacterString>status</gco:CharacterString>
                    </keyword>
                    <keyword>
                        <gco:CharacterString>power</gco:CharacterString>
                    </keyword>
                    <keyword>
                        <gco:CharacterString>grid</gco:CharacterString>
                    </keyword>
                    <keyword>
                        <gco:CharacterString>generation</gco:CharacterString>
                    </keyword>
                    <keyword>
                        <gco:CharacterString>megawatts</gco:CharacterString>
                    </keyword>
                    <keyword>
                        <gco:CharacterString>power plants</gco:CharacterString>
                    </keyword>
                    <keyword>
                        <gco:CharacterString>electric</gco:CharacterString>
                    </keyword>
                    <keyword>
                        <gco:CharacterString>energy infrastructure</gco:CharacterString>
                    </keyword>
                    <keyword>
                        <gco:CharacterString>operators</gco:CharacterString>
                    </keyword>
                    <keyword>
                        <gco:CharacterString>capacity</gco:CharacterString>
                    </keyword>
                    <keyword>
                        <gco:CharacterString>generating units</gco:CharacterString>
                    </keyword>
                    <keyword>
                        <gco:CharacterString>fuel</gco:CharacterString>
                    </keyword>
                    <keyword>
                        <gco:CharacterString>nuclear</gco:CharacterString>
                    </keyword>
                    <keyword>
                        <gco:CharacterString>hydroelectric</gco:CharacterString>
                    </keyword>
                    <keyword>
                        <gco:CharacterString>fossil fuels</gco:CharacterString>
                    </keyword>
                    <keyword>
                        <gco:CharacterString>solar</gco:CharacterString>
                    </keyword>
                    <keyword>
                        <gco:CharacterString>wind</gco:CharacterString>
                    </keyword>
                    <keyword>
                        <gco:CharacterString>geothermal</gco:CharacterString>
                    </keyword>
                    <keyword>
                        <gco:CharacterString>biomass</gco:CharacterString>
                    </keyword>
                </MD_Keywords>
            </descriptiveKeywords>
            <descriptiveKeywords>
                <MD_Keywords>
                    <keyword>
                        <gco:CharacterString>homeland security</gco:CharacterString>
                    </keyword>
                    <keyword>
                        <gco:CharacterString>homeland defense</gco:CharacterString>
                    </keyword>
                    <keyword>
                        <gco:CharacterString>emergency response</gco:CharacterString>
                    </keyword>
                    <keyword>
                        <gco:CharacterString>name</gco:CharacterString>
                    </keyword>
                    <keyword>
                        <gco:CharacterString>address</gco:CharacterString>
                    </keyword>
                    <keyword>
                        <gco:CharacterString>type</gco:CharacterString>
                    </keyword>
                    <keyword>
                        <gco:CharacterString>status</gco:CharacterString>
                    </keyword>
                    <keyword>
                        <gco:CharacterString>power</gco:CharacterString>
                    </keyword>
                    <keyword>
                        <gco:CharacterString>grid</gco:CharacterString>
                    </keyword>
                    <keyword>
                        <gco:CharacterString>generation</gco:CharacterString>
                    </keyword>
                    <keyword>
                        <gco:CharacterString>megawatts</gco:CharacterString>
                    </keyword>
                    <keyword>
                        <gco:CharacterString>power plants</gco:CharacterString>
                    </keyword>
                    <keyword>
                        <gco:CharacterString>electric</gco:CharacterString>
                    </keyword>
                    <keyword>
                        <gco:CharacterString>energy infrastructure</gco:CharacterString>
                    </keyword>
                    <keyword>
                        <gco:CharacterString>operators</gco:CharacterString>
                    </keyword>
                    <keyword>
                        <gco:CharacterString>capacity</gco:CharacterString>
                    </keyword>
                    <keyword>
                        <gco:CharacterString>generating units</gco:CharacterString>
                    </keyword>
                    <keyword>
                        <gco:CharacterString>fuel</gco:CharacterString>
                    </keyword>
                    <keyword>
                        <gco:CharacterString>nuclear</gco:CharacterString>
                    </keyword>
                    <keyword>
                        <gco:CharacterString>hydroelectric</gco:CharacterString>
                    </keyword>
                    <keyword>
                        <gco:CharacterString>fossil fuels</gco:CharacterString>
                    </keyword>
                    <keyword>
                        <gco:CharacterString>solar</gco:CharacterString>
                    </keyword>
                    <keyword>
                        <gco:CharacterString>wind</gco:CharacterString>
                    </keyword>
                    <keyword>
                        <gco:CharacterString>geothermal</gco:CharacterString>
                    </keyword>
                    <keyword>
                        <gco:CharacterString>biomass</gco:CharacterString>
                    </keyword>
                </MD_Keywords>
            </descriptiveKeywords>
            <descriptiveKeywords>
                <MD_Keywords>
                    <keyword>
                        <gco:CharacterString>homeland security</gco:CharacterString>
                    </keyword>
                    <keyword>
                        <gco:CharacterString>homeland defense</gco:CharacterString>
                    </keyword>
                    <keyword>
                        <gco:CharacterString>emergency response</gco:CharacterString>
                    </keyword>
                    <keyword>
                        <gco:CharacterString>name</gco:CharacterString>
                    </keyword>
                    <keyword>
                        <gco:CharacterString>address</gco:CharacterString>
                    </keyword>
                    <keyword>
                        <gco:CharacterString>type</gco:CharacterString>
                    </keyword>
                    <keyword>
                        <gco:CharacterString>status</gco:CharacterString>
                    </keyword>
                    <keyword>
                        <gco:CharacterString>power</gco:CharacterString>
                    </keyword>
                    <keyword>
                        <gco:CharacterString>grid</gco:CharacterString>
                    </keyword>
                    <keyword>
                        <gco:CharacterString>generation</gco:CharacterString>
                    </keyword>
                    <keyword>
                        <gco:CharacterString>megawatts</gco:CharacterString>
                    </keyword>
                    <keyword>
                        <gco:CharacterString>power plants</gco:CharacterString>
                    </keyword>
                    <keyword>
                        <gco:CharacterString>electric</gco:CharacterString>
                    </keyword>
                    <keyword>
                        <gco:CharacterString>energy infrastructure</gco:CharacterString>
                    </keyword>
                    <keyword>
                        <gco:CharacterString>operators</gco:CharacterString>
                    </keyword>
                    <keyword>
                        <gco:CharacterString>capacity</gco:CharacterString>
                    </keyword>
                    <keyword>
                        <gco:CharacterString>generating units</gco:CharacterString>
                    </keyword>
                    <keyword>
                        <gco:CharacterString>fuel</gco:CharacterString>
                    </keyword>
                    <keyword>
                        <gco:CharacterString>nuclear</gco:CharacterString>
                    </keyword>
                    <keyword>
                        <gco:CharacterString>hydroelectric</gco:CharacterString>
                    </keyword>
                    <keyword>
                        <gco:CharacterString>fossil fuels</gco:CharacterString>
                    </keyword>
                    <keyword>
                        <gco:CharacterString>solar</gco:CharacterString>
                    </keyword>
                    <keyword>
                        <gco:CharacterString>wind</gco:CharacterString>
                    </keyword>
                    <keyword>
                        <gco:CharacterString>geothermal</gco:CharacterString>
                    </keyword>
                    <keyword>
                        <gco:CharacterString>biomass</gco:CharacterString>
                    </keyword>
                </MD_Keywords>
            </descriptiveKeywords>
            <descriptiveKeywords>
                <MD_Keywords>
                    <keyword>
                        <gco:CharacterString>homeland security</gco:CharacterString>
                    </keyword>
                    <keyword>
                        <gco:CharacterString>homeland defense</gco:CharacterString>
                    </keyword>
                    <keyword>
                        <gco:CharacterString>emergency response</gco:CharacterString>
                    </keyword>
                    <keyword>
                        <gco:CharacterString>name</gco:CharacterString>
                    </keyword>
                    <keyword>
                        <gco:CharacterString>address</gco:CharacterString>
                    </keyword>
                    <keyword>
                        <gco:CharacterString>type</gco:CharacterString>
                    </keyword>
                    <keyword>
                        <gco:CharacterString>status</gco:CharacterString>
                    </keyword>
                    <keyword>
                        <gco:CharacterString>power</gco:CharacterString>
                    </keyword>
                    <keyword>
                        <gco:CharacterString>grid</gco:CharacterString>
                    </keyword>
                    <keyword>
                        <gco:CharacterString>generation</gco:CharacterString>
                    </keyword>
                    <keyword>
                        <gco:CharacterString>megawatts</gco:CharacterString>
                    </keyword>
                    <keyword>
                        <gco:CharacterString>power plants</gco:CharacterString>
                    </keyword>
                    <keyword>
                        <gco:CharacterString>electric</gco:CharacterString>
                    </keyword>
                    <keyword>
                        <gco:CharacterString>energy infrastructure</gco:CharacterString>
                    </keyword>
                    <keyword>
                        <gco:CharacterString>operators</gco:CharacterString>
                    </keyword>
                    <keyword>
                        <gco:CharacterString>capacity</gco:CharacterString>
                    </keyword>
                    <keyword>
                        <gco:CharacterString>generating units</gco:CharacterString>
                    </keyword>
                    <keyword>
                        <gco:CharacterString>fuel</gco:CharacterString>
                    </keyword>
                    <keyword>
                        <gco:CharacterString>nuclear</gco:CharacterString>
                    </keyword>
                    <keyword>
                        <gco:CharacterString>hydroelectric</gco:CharacterString>
                    </keyword>
                    <keyword>
                        <gco:CharacterString>fossil fuels</gco:CharacterString>
                    </keyword>
                    <keyword>
                        <gco:CharacterString>solar</gco:CharacterString>
                    </keyword>
                    <keyword>
                        <gco:CharacterString>wind</gco:CharacterString>
                    </keyword>
                    <keyword>
                        <gco:CharacterString>geothermal</gco:CharacterString>
                    </keyword>
                    <keyword>
                        <gco:CharacterString>biomass</gco:CharacterString>
                    </keyword>
                </MD_Keywords>
            </descriptiveKeywords>
            <descriptiveKeywords>
                <MD_Keywords>
                    <keyword>
                        <gco:CharacterString>homeland security</gco:CharacterString>
                    </keyword>
                    <keyword>
                        <gco:CharacterString>homeland defense</gco:CharacterString>
                    </keyword>
                    <keyword>
                        <gco:CharacterString>emergency response</gco:CharacterString>
                    </keyword>
                    <keyword>
                        <gco:CharacterString>name</gco:CharacterString>
                    </keyword>
                    <keyword>
                        <gco:CharacterString>address</gco:CharacterString>
                    </keyword>
                    <keyword>
                        <gco:CharacterString>type</gco:CharacterString>
                    </keyword>
                    <keyword>
                        <gco:CharacterString>status</gco:CharacterString>
                    </keyword>
                    <keyword>
                        <gco:CharacterString>power</gco:CharacterString>
                    </keyword>
                    <keyword>
                        <gco:CharacterString>grid</gco:CharacterString>
                    </keyword>
                    <keyword>
                        <gco:CharacterString>generation</gco:CharacterString>
                    </keyword>
                    <keyword>
                        <gco:CharacterString>megawatts</gco:CharacterString>
                    </keyword>
                    <keyword>
                        <gco:CharacterString>power plants</gco:CharacterString>
                    </keyword>
                    <keyword>
                        <gco:CharacterString>electric</gco:CharacterString>
                    </keyword>
                    <keyword>
                        <gco:CharacterString>energy infrastructure</gco:CharacterString>
                    </keyword>
                    <keyword>
                        <gco:CharacterString>operators</gco:CharacterString>
                    </keyword>
                    <keyword>
                        <gco:CharacterString>capacity</gco:CharacterString>
                    </keyword>
                    <keyword>
                        <gco:CharacterString>generating units</gco:CharacterString>
                    </keyword>
                    <keyword>
                        <gco:CharacterString>fuel</gco:CharacterString>
                    </keyword>
                    <keyword>
                        <gco:CharacterString>nuclear</gco:CharacterString>
                    </keyword>
                    <keyword>
                        <gco:CharacterString>hydroelectric</gco:CharacterString>
                    </keyword>
                    <keyword>
                        <gco:CharacterString>fossil fuels</gco:CharacterString>
                    </keyword>
                    <keyword>
                        <gco:CharacterString>solar</gco:CharacterString>
                    </keyword>
                    <keyword>
                        <gco:CharacterString>wind</gco:CharacterString>
                    </keyword>
                    <keyword>
                        <gco:CharacterString>geothermal</gco:CharacterString>
                    </keyword>
                    <keyword>
                        <gco:CharacterString>biomass</gco:CharacterString>
                    </keyword>
                </MD_Keywords>
            </descriptiveKeywords>
            <descriptiveKeywords>
                <MD_Keywords>
                    <keyword>
                        <gco:CharacterString>homeland security</gco:CharacterString>
                    </keyword>
                    <keyword>
                        <gco:CharacterString>homeland defense</gco:CharacterString>
                    </keyword>
                    <keyword>
                        <gco:CharacterString>emergency response</gco:CharacterString>
                    </keyword>
                    <keyword>
                        <gco:CharacterString>name</gco:CharacterString>
                    </keyword>
                    <keyword>
                        <gco:CharacterString>address</gco:CharacterString>
                    </keyword>
                    <keyword>
                        <gco:CharacterString>type</gco:CharacterString>
                    </keyword>
                    <keyword>
                        <gco:CharacterString>status</gco:CharacterString>
                    </keyword>
                    <keyword>
                        <gco:CharacterString>power</gco:CharacterString>
                    </keyword>
                    <keyword>
                        <gco:CharacterString>grid</gco:CharacterString>
                    </keyword>
                    <keyword>
                        <gco:CharacterString>generation</gco:CharacterString>
                    </keyword>
                    <keyword>
                        <gco:CharacterString>megawatts</gco:CharacterString>
                    </keyword>
                    <keyword>
                        <gco:CharacterString>power plants</gco:CharacterString>
                    </keyword>
                    <keyword>
                        <gco:CharacterString>electric</gco:CharacterString>
                    </keyword>
                    <keyword>
                        <gco:CharacterString>energy infrastructure</gco:CharacterString>
                    </keyword>
                    <keyword>
                        <gco:CharacterString>operators</gco:CharacterString>
                    </keyword>
                    <keyword>
                        <gco:CharacterString>capacity</gco:CharacterString>
                    </keyword>
                    <keyword>
                        <gco:CharacterString>generating units</gco:CharacterString>
                    </keyword>
                    <keyword>
                        <gco:CharacterString>fuel</gco:CharacterString>
                    </keyword>
                    <keyword>
                        <gco:CharacterString>nuclear</gco:CharacterString>
                    </keyword>
                    <keyword>
                        <gco:CharacterString>hydroelectric</gco:CharacterString>
                    </keyword>
                    <keyword>
                        <gco:CharacterString>fossil fuels</gco:CharacterString>
                    </keyword>
                    <keyword>
                        <gco:CharacterString>solar</gco:CharacterString>
                    </keyword>
                    <keyword>
                        <gco:CharacterString>wind</gco:CharacterString>
                    </keyword>
                    <keyword>
                        <gco:CharacterString>geothermal</gco:CharacterString>
                    </keyword>
                    <keyword>
                        <gco:CharacterString>biomass</gco:CharacterString>
                    </keyword>
                </MD_Keywords>
            </descriptiveKeywords>
            <descriptiveKeywords>
                <MD_Keywords>
                    <keyword>
                        <gco:CharacterString>homeland security</gco:CharacterString>
                    </keyword>
                    <keyword>
                        <gco:CharacterString>homeland defense</gco:CharacterString>
                    </keyword>
                    <keyword>
                        <gco:CharacterString>emergency response</gco:CharacterString>
                    </keyword>
                    <keyword>
                        <gco:CharacterString>name</gco:CharacterString>
                    </keyword>
                    <keyword>
                        <gco:CharacterString>address</gco:CharacterString>
                    </keyword>
                    <keyword>
                        <gco:CharacterString>type</gco:CharacterString>
                    </keyword>
                    <keyword>
                        <gco:CharacterString>status</gco:CharacterString>
                    </keyword>
                    <keyword>
                        <gco:CharacterString>power</gco:CharacterString>
                    </keyword>
                    <keyword>
                        <gco:CharacterString>grid</gco:CharacterString>
                    </keyword>
                    <keyword>
                        <gco:CharacterString>generation</gco:CharacterString>
                    </keyword>
                    <keyword>
                        <gco:CharacterString>megawatts</gco:CharacterString>
                    </keyword>
                    <keyword>
                        <gco:CharacterString>power plants</gco:CharacterString>
                    </keyword>
                    <keyword>
                        <gco:CharacterString>electric</gco:CharacterString>
                    </keyword>
                    <keyword>
                        <gco:CharacterString>energy infrastructure</gco:CharacterString>
                    </keyword>
                    <keyword>
                        <gco:CharacterString>operators</gco:CharacterString>
                    </keyword>
                    <keyword>
                        <gco:CharacterString>capacity</gco:CharacterString>
                    </keyword>
                    <keyword>
                        <gco:CharacterString>generating units</gco:CharacterString>
                    </keyword>
                    <keyword>
                        <gco:CharacterString>fuel</gco:CharacterString>
                    </keyword>
                    <keyword>
                        <gco:CharacterString>nuclear</gco:CharacterString>
                    </keyword>
                    <keyword>
                        <gco:CharacterString>hydroelectric</gco:CharacterString>
                    </keyword>
                    <keyword>
                        <gco:CharacterString>fossil fuels</gco:CharacterString>
                    </keyword>
                    <keyword>
                        <gco:CharacterString>solar</gco:CharacterString>
                    </keyword>
                    <keyword>
                        <gco:CharacterString>wind</gco:CharacterString>
                    </keyword>
                    <keyword>
                        <gco:CharacterString>geothermal</gco:CharacterString>
                    </keyword>
                    <keyword>
                        <gco:CharacterString>biomass</gco:CharacterString>
                    </keyword>
                </MD_Keywords>
            </descriptiveKeywords>
            <descriptiveKeywords>
                <MD_Keywords>
                    <keyword>
                        <gco:CharacterString>homeland security</gco:CharacterString>
                    </keyword>
                    <keyword>
                        <gco:CharacterString>homeland defense</gco:CharacterString>
                    </keyword>
                    <keyword>
                        <gco:CharacterString>emergency response</gco:CharacterString>
                    </keyword>
                    <keyword>
                        <gco:CharacterString>name</gco:CharacterString>
                    </keyword>
                    <keyword>
                        <gco:CharacterString>address</gco:CharacterString>
                    </keyword>
                    <keyword>
                        <gco:CharacterString>type</gco:CharacterString>
                    </keyword>
                    <keyword>
                        <gco:CharacterString>status</gco:CharacterString>
                    </keyword>
                    <keyword>
                        <gco:CharacterString>power</gco:CharacterString>
                    </keyword>
                    <keyword>
                        <gco:CharacterString>grid</gco:CharacterString>
                    </keyword>
                    <keyword>
                        <gco:CharacterString>generation</gco:CharacterString>
                    </keyword>
                    <keyword>
                        <gco:CharacterString>megawatts</gco:CharacterString>
                    </keyword>
                    <keyword>
                        <gco:CharacterString>power plants</gco:CharacterString>
                    </keyword>
                    <keyword>
                        <gco:CharacterString>electric</gco:CharacterString>
                    </keyword>
                    <keyword>
                        <gco:CharacterString>energy infrastructure</gco:CharacterString>
                    </keyword>
                    <keyword>
                        <gco:CharacterString>operators</gco:CharacterString>
                    </keyword>
                    <keyword>
                        <gco:CharacterString>capacity</gco:CharacterString>
                    </keyword>
                    <keyword>
                        <gco:CharacterString>generating units</gco:CharacterString>
                    </keyword>
                    <keyword>
                        <gco:CharacterString>fuel</gco:CharacterString>
                    </keyword>
                    <keyword>
                        <gco:CharacterString>nuclear</gco:CharacterString>
                    </keyword>
                    <keyword>
                        <gco:CharacterString>hydroelectric</gco:CharacterString>
                    </keyword>
                    <keyword>
                        <gco:CharacterString>fossil fuels</gco:CharacterString>
                    </keyword>
                    <keyword>
                        <gco:CharacterString>solar</gco:CharacterString>
                    </keyword>
                    <keyword>
                        <gco:CharacterString>wind</gco:CharacterString>
                    </keyword>
                    <keyword>
                        <gco:CharacterString>geothermal</gco:CharacterString>
                    </keyword>
                    <keyword>
                        <gco:CharacterString>biomass</gco:CharacterString>
                    </keyword>
                </MD_Keywords>
            </descriptiveKeywords>
            <descriptiveKeywords>
                <MD_Keywords>
                    <keyword>
                        <gco:CharacterString>homeland security</gco:CharacterString>
                    </keyword>
                    <keyword>
                        <gco:CharacterString>homeland defense</gco:CharacterString>
                    </keyword>
                    <keyword>
                        <gco:CharacterString>emergency response</gco:CharacterString>
                    </keyword>
                    <keyword>
                        <gco:CharacterString>name</gco:CharacterString>
                    </keyword>
                    <keyword>
                        <gco:CharacterString>address</gco:CharacterString>
                    </keyword>
                    <keyword>
                        <gco:CharacterString>type</gco:CharacterString>
                    </keyword>
                    <keyword>
                        <gco:CharacterString>status</gco:CharacterString>
                    </keyword>
                    <keyword>
                        <gco:CharacterString>power</gco:CharacterString>
                    </keyword>
                    <keyword>
                        <gco:CharacterString>grid</gco:CharacterString>
                    </keyword>
                    <keyword>
                        <gco:CharacterString>generation</gco:CharacterString>
                    </keyword>
                    <keyword>
                        <gco:CharacterString>megawatts</gco:CharacterString>
                    </keyword>
                    <keyword>
                        <gco:CharacterString>power plants</gco:CharacterString>
                    </keyword>
                    <keyword>
                        <gco:CharacterString>electric</gco:CharacterString>
                    </keyword>
                    <keyword>
                        <gco:CharacterString>energy infrastructure</gco:CharacterString>
                    </keyword>
                    <keyword>
                        <gco:CharacterString>operators</gco:CharacterString>
                    </keyword>
                    <keyword>
                        <gco:CharacterString>capacity</gco:CharacterString>
                    </keyword>
                    <keyword>
                        <gco:CharacterString>generating units</gco:CharacterString>
                    </keyword>
                    <keyword>
                        <gco:CharacterString>fuel</gco:CharacterString>
                    </keyword>
                    <keyword>
                        <gco:CharacterString>nuclear</gco:CharacterString>
                    </keyword>
                    <keyword>
                        <gco:CharacterString>hydroelectric</gco:CharacterString>
                    </keyword>
                    <keyword>
                        <gco:CharacterString>fossil fuels</gco:CharacterString>
                    </keyword>
                    <keyword>
                        <gco:CharacterString>solar</gco:CharacterString>
                    </keyword>
                    <keyword>
                        <gco:CharacterString>wind</gco:CharacterString>
                    </keyword>
                    <keyword>
                        <gco:CharacterString>geothermal</gco:CharacterString>
                    </keyword>
                    <keyword>
                        <gco:CharacterString>biomass</gco:CharacterString>
                    </keyword>
                </MD_Keywords>
            </descriptiveKeywords>
            <descriptiveKeywords>
                <MD_Keywords>
                    <keyword>
                        <gco:CharacterString>homeland security</gco:CharacterString>
                    </keyword>
                    <keyword>
                        <gco:CharacterString>homeland defense</gco:CharacterString>
                    </keyword>
                    <keyword>
                        <gco:CharacterString>emergency response</gco:CharacterString>
                    </keyword>
                    <keyword>
                        <gco:CharacterString>name</gco:CharacterString>
                    </keyword>
                    <keyword>
                        <gco:CharacterString>address</gco:CharacterString>
                    </keyword>
                    <keyword>
                        <gco:CharacterString>type</gco:CharacterString>
                    </keyword>
                    <keyword>
                        <gco:CharacterString>status</gco:CharacterString>
                    </keyword>
                    <keyword>
                        <gco:CharacterString>power</gco:CharacterString>
                    </keyword>
                    <keyword>
                        <gco:CharacterString>grid</gco:CharacterString>
                    </keyword>
                    <keyword>
                        <gco:CharacterString>generation</gco:CharacterString>
                    </keyword>
                    <keyword>
                        <gco:CharacterString>megawatts</gco:CharacterString>
                    </keyword>
                    <keyword>
                        <gco:CharacterString>power plants</gco:CharacterString>
                    </keyword>
                    <keyword>
                        <gco:CharacterString>electric</gco:CharacterString>
                    </keyword>
                    <keyword>
                        <gco:CharacterString>energy infrastructure</gco:CharacterString>
                    </keyword>
                    <keyword>
                        <gco:CharacterString>operators</gco:CharacterString>
                    </keyword>
                    <keyword>
                        <gco:CharacterString>capacity</gco:CharacterString>
                    </keyword>
                    <keyword>
                        <gco:CharacterString>generating units</gco:CharacterString>
                    </keyword>
                    <keyword>
                        <gco:CharacterString>fuel</gco:CharacterString>
                    </keyword>
                    <keyword>
                        <gco:CharacterString>nuclear</gco:CharacterString>
                    </keyword>
                    <keyword>
                        <gco:CharacterString>hydroelectric</gco:CharacterString>
                    </keyword>
                    <keyword>
                        <gco:CharacterString>fossil fuels</gco:CharacterString>
                    </keyword>
                    <keyword>
                        <gco:CharacterString>solar</gco:CharacterString>
                    </keyword>
                    <keyword>
                        <gco:CharacterString>wind</gco:CharacterString>
                    </keyword>
                    <keyword>
                        <gco:CharacterString>geothermal</gco:CharacterString>
                    </keyword>
                    <keyword>
                        <gco:CharacterString>biomass</gco:CharacterString>
                    </keyword>
                </MD_Keywords>
            </descriptiveKeywords>
            <descriptiveKeywords>
                <MD_Keywords>
                    <keyword>
                        <gco:CharacterString>homeland security</gco:CharacterString>
                    </keyword>
                    <keyword>
                        <gco:CharacterString>homeland defense</gco:CharacterString>
                    </keyword>
                    <keyword>
                        <gco:CharacterString>emergency response</gco:CharacterString>
                    </keyword>
                    <keyword>
                        <gco:CharacterString>name</gco:CharacterString>
                    </keyword>
                    <keyword>
                        <gco:CharacterString>address</gco:CharacterString>
                    </keyword>
                    <keyword>
                        <gco:CharacterString>type</gco:CharacterString>
                    </keyword>
                    <keyword>
                        <gco:CharacterString>status</gco:CharacterString>
                    </keyword>
                    <keyword>
                        <gco:CharacterString>power</gco:CharacterString>
                    </keyword>
                    <keyword>
                        <gco:CharacterString>grid</gco:CharacterString>
                    </keyword>
                    <keyword>
                        <gco:CharacterString>generation</gco:CharacterString>
                    </keyword>
                    <keyword>
                        <gco:CharacterString>megawatts</gco:CharacterString>
                    </keyword>
                    <keyword>
                        <gco:CharacterString>power plants</gco:CharacterString>
                    </keyword>
                    <keyword>
                        <gco:CharacterString>electric</gco:CharacterString>
                    </keyword>
                    <keyword>
                        <gco:CharacterString>energy infrastructure</gco:CharacterString>
                    </keyword>
                    <keyword>
                        <gco:CharacterString>operators</gco:CharacterString>
                    </keyword>
                    <keyword>
                        <gco:CharacterString>capacity</gco:CharacterString>
                    </keyword>
                    <keyword>
                        <gco:CharacterString>generating units</gco:CharacterString>
                    </keyword>
                    <keyword>
                        <gco:CharacterString>fuel</gco:CharacterString>
                    </keyword>
                    <keyword>
                        <gco:CharacterString>nuclear</gco:CharacterString>
                    </keyword>
                    <keyword>
                        <gco:CharacterString>hydroelectric</gco:CharacterString>
                    </keyword>
                    <keyword>
                        <gco:CharacterString>fossil fuels</gco:CharacterString>
                    </keyword>
                    <keyword>
                        <gco:CharacterString>solar</gco:CharacterString>
                    </keyword>
                    <keyword>
                        <gco:CharacterString>wind</gco:CharacterString>
                    </keyword>
                    <keyword>
                        <gco:CharacterString>geothermal</gco:CharacterString>
                    </keyword>
                    <keyword>
                        <gco:CharacterString>biomass</gco:CharacterString>
                    </keyword>
                </MD_Keywords>
            </descriptiveKeywords>
            <descriptiveKeywords>
                <MD_Keywords>
                    <keyword>
                        <gco:CharacterString>homeland security</gco:CharacterString>
                    </keyword>
                    <keyword>
                        <gco:CharacterString>homeland defense</gco:CharacterString>
                    </keyword>
                    <keyword>
                        <gco:CharacterString>emergency response</gco:CharacterString>
                    </keyword>
                    <keyword>
                        <gco:CharacterString>name</gco:CharacterString>
                    </keyword>
                    <keyword>
                        <gco:CharacterString>address</gco:CharacterString>
                    </keyword>
                    <keyword>
                        <gco:CharacterString>type</gco:CharacterString>
                    </keyword>
                    <keyword>
                        <gco:CharacterString>status</gco:CharacterString>
                    </keyword>
                    <keyword>
                        <gco:CharacterString>power</gco:CharacterString>
                    </keyword>
                    <keyword>
                        <gco:CharacterString>grid</gco:CharacterString>
                    </keyword>
                    <keyword>
                        <gco:CharacterString>generation</gco:CharacterString>
                    </keyword>
                    <keyword>
                        <gco:CharacterString>megawatts</gco:CharacterString>
                    </keyword>
                    <keyword>
                        <gco:CharacterString>power plants</gco:CharacterString>
                    </keyword>
                    <keyword>
                        <gco:CharacterString>electric</gco:CharacterString>
                    </keyword>
                    <keyword>
                        <gco:CharacterString>energy infrastructure</gco:CharacterString>
                    </keyword>
                    <keyword>
                        <gco:CharacterString>operators</gco:CharacterString>
                    </keyword>
                    <keyword>
                        <gco:CharacterString>capacity</gco:CharacterString>
                    </keyword>
                    <keyword>
                        <gco:CharacterString>generating units</gco:CharacterString>
                    </keyword>
                    <keyword>
                        <gco:CharacterString>fuel</gco:CharacterString>
                    </keyword>
                    <keyword>
                        <gco:CharacterString>nuclear</gco:CharacterString>
                    </keyword>
                    <keyword>
                        <gco:CharacterString>hydroelectric</gco:CharacterString>
                    </keyword>
                    <keyword>
                        <gco:CharacterString>fossil fuels</gco:CharacterString>
                    </keyword>
                    <keyword>
                        <gco:CharacterString>solar</gco:CharacterString>
                    </keyword>
                    <keyword>
                        <gco:CharacterString>wind</gco:CharacterString>
                    </keyword>
                    <keyword>
                        <gco:CharacterString>geothermal</gco:CharacterString>
                    </keyword>
                    <keyword>
                        <gco:CharacterString>biomass</gco:CharacterString>
                    </keyword>
                </MD_Keywords>
            </descriptiveKeywords>
            <descriptiveKeywords>
                <MD_Keywords>
                    <keyword>
                        <gco:CharacterString>homeland security</gco:CharacterString>
                    </keyword>
                    <keyword>
                        <gco:CharacterString>homeland defense</gco:CharacterString>
                    </keyword>
                    <keyword>
                        <gco:CharacterString>emergency response</gco:CharacterString>
                    </keyword>
                    <keyword>
                        <gco:CharacterString>name</gco:CharacterString>
                    </keyword>
                    <keyword>
                        <gco:CharacterString>address</gco:CharacterString>
                    </keyword>
                    <keyword>
                        <gco:CharacterString>type</gco:CharacterString>
                    </keyword>
                    <keyword>
                        <gco:CharacterString>status</gco:CharacterString>
                    </keyword>
                    <keyword>
                        <gco:CharacterString>power</gco:CharacterString>
                    </keyword>
                    <keyword>
                        <gco:CharacterString>grid</gco:CharacterString>
                    </keyword>
                    <keyword>
                        <gco:CharacterString>generation</gco:CharacterString>
                    </keyword>
                    <keyword>
                        <gco:CharacterString>megawatts</gco:CharacterString>
                    </keyword>
                    <keyword>
                        <gco:CharacterString>power plants</gco:CharacterString>
                    </keyword>
                    <keyword>
                        <gco:CharacterString>electric</gco:CharacterString>
                    </keyword>
                    <keyword>
                        <gco:CharacterString>energy infrastructure</gco:CharacterString>
                    </keyword>
                    <keyword>
                        <gco:CharacterString>operators</gco:CharacterString>
                    </keyword>
                    <keyword>
                        <gco:CharacterString>capacity</gco:CharacterString>
                    </keyword>
                    <keyword>
                        <gco:CharacterString>generating units</gco:CharacterString>
                    </keyword>
                    <keyword>
                        <gco:CharacterString>fuel</gco:CharacterString>
                    </keyword>
                    <keyword>
                        <gco:CharacterString>nuclear</gco:CharacterString>
                    </keyword>
                    <keyword>
                        <gco:CharacterString>hydroelectric</gco:CharacterString>
                    </keyword>
                    <keyword>
                        <gco:CharacterString>fossil fuels</gco:CharacterString>
                    </keyword>
                    <keyword>
                        <gco:CharacterString>solar</gco:CharacterString>
                    </keyword>
                    <keyword>
                        <gco:CharacterString>wind</gco:CharacterString>
                    </keyword>
                    <keyword>
                        <gco:CharacterString>geothermal</gco:CharacterString>
                    </keyword>
                    <keyword>
                        <gco:CharacterString>biomass</gco:CharacterString>
                    </keyword>
                </MD_Keywords>
            </descriptiveKeywords>
            <descriptiveKeywords>
                <MD_Keywords>
                    <keyword>
                        <gco:CharacterString>homeland security</gco:CharacterString>
                    </keyword>
                    <keyword>
                        <gco:CharacterString>homeland defense</gco:CharacterString>
                    </keyword>
                    <keyword>
                        <gco:CharacterString>emergency response</gco:CharacterString>
                    </keyword>
                    <keyword>
                        <gco:CharacterString>name</gco:CharacterString>
                    </keyword>
                    <keyword>
                        <gco:CharacterString>address</gco:CharacterString>
                    </keyword>
                    <keyword>
                        <gco:CharacterString>type</gco:CharacterString>
                    </keyword>
                    <keyword>
                        <gco:CharacterString>status</gco:CharacterString>
                    </keyword>
                    <keyword>
                        <gco:CharacterString>power</gco:CharacterString>
                    </keyword>
                    <keyword>
                        <gco:CharacterString>grid</gco:CharacterString>
                    </keyword>
                    <keyword>
                        <gco:CharacterString>generation</gco:CharacterString>
                    </keyword>
                    <keyword>
                        <gco:CharacterString>megawatts</gco:CharacterString>
                    </keyword>
                    <keyword>
                        <gco:CharacterString>power plants</gco:CharacterString>
                    </keyword>
                    <keyword>
                        <gco:CharacterString>electric</gco:CharacterString>
                    </keyword>
                    <keyword>
                        <gco:CharacterString>energy infrastructure</gco:CharacterString>
                    </keyword>
                    <keyword>
                        <gco:CharacterString>operators</gco:CharacterString>
                    </keyword>
                    <keyword>
                        <gco:CharacterString>capacity</gco:CharacterString>
                    </keyword>
                    <keyword>
                        <gco:CharacterString>generating units</gco:CharacterString>
                    </keyword>
                    <keyword>
                        <gco:CharacterString>fuel</gco:CharacterString>
                    </keyword>
                    <keyword>
                        <gco:CharacterString>nuclear</gco:CharacterString>
                    </keyword>
                    <keyword>
                        <gco:CharacterString>hydroelectric</gco:CharacterString>
                    </keyword>
                    <keyword>
                        <gco:CharacterString>fossil fuels</gco:CharacterString>
                    </keyword>
                    <keyword>
                        <gco:CharacterString>solar</gco:CharacterString>
                    </keyword>
                    <keyword>
                        <gco:CharacterString>wind</gco:CharacterString>
                    </keyword>
                    <keyword>
                        <gco:CharacterString>geothermal</gco:CharacterString>
                    </keyword>
                    <keyword>
                        <gco:CharacterString>biomass</gco:CharacterString>
                    </keyword>
                </MD_Keywords>
            </descriptiveKeywords>
            <descriptiveKeywords>
                <MD_Keywords>
                    <keyword>
                        <gco:CharacterString>homeland security</gco:CharacterString>
                    </keyword>
                    <keyword>
                        <gco:CharacterString>homeland defense</gco:CharacterString>
                    </keyword>
                    <keyword>
                        <gco:CharacterString>emergency response</gco:CharacterString>
                    </keyword>
                    <keyword>
                        <gco:CharacterString>name</gco:CharacterString>
                    </keyword>
                    <keyword>
                        <gco:CharacterString>address</gco:CharacterString>
                    </keyword>
                    <keyword>
                        <gco:CharacterString>type</gco:CharacterString>
                    </keyword>
                    <keyword>
                        <gco:CharacterString>status</gco:CharacterString>
                    </keyword>
                    <keyword>
                        <gco:CharacterString>power</gco:CharacterString>
                    </keyword>
                    <keyword>
                        <gco:CharacterString>grid</gco:CharacterString>
                    </keyword>
                    <keyword>
                        <gco:CharacterString>generation</gco:CharacterString>
                    </keyword>
                    <keyword>
                        <gco:CharacterString>megawatts</gco:CharacterString>
                    </keyword>
                    <keyword>
                        <gco:CharacterString>power plants</gco:CharacterString>
                    </keyword>
                    <keyword>
                        <gco:CharacterString>electric</gco:CharacterString>
                    </keyword>
                    <keyword>
                        <gco:CharacterString>energy infrastructure</gco:CharacterString>
                    </keyword>
                    <keyword>
                        <gco:CharacterString>operators</gco:CharacterString>
                    </keyword>
                    <keyword>
                        <gco:CharacterString>capacity</gco:CharacterString>
                    </keyword>
                    <keyword>
                        <gco:CharacterString>generating units</gco:CharacterString>
                    </keyword>
                    <keyword>
                        <gco:CharacterString>fuel</gco:CharacterString>
                    </keyword>
                    <keyword>
                        <gco:CharacterString>nuclear</gco:CharacterString>
                    </keyword>
                    <keyword>
                        <gco:CharacterString>hydroelectric</gco:CharacterString>
                    </keyword>
                    <keyword>
                        <gco:CharacterString>fossil fuels</gco:CharacterString>
                    </keyword>
                    <keyword>
                        <gco:CharacterString>solar</gco:CharacterString>
                    </keyword>
                    <keyword>
                        <gco:CharacterString>wind</gco:CharacterString>
                    </keyword>
                    <keyword>
                        <gco:CharacterString>geothermal</gco:CharacterString>
                    </keyword>
                    <keyword>
                        <gco:CharacterString>biomass</gco:CharacterString>
                    </keyword>
                </MD_Keywords>
            </descriptiveKeywords>
            <descriptiveKeywords>
                <MD_Keywords>
                    <keyword>
                        <gco:CharacterString>homeland security</gco:CharacterString>
                    </keyword>
                    <keyword>
                        <gco:CharacterString>homeland defense</gco:CharacterString>
                    </keyword>
                    <keyword>
                        <gco:CharacterString>emergency response</gco:CharacterString>
                    </keyword>
                    <keyword>
                        <gco:CharacterString>name</gco:CharacterString>
                    </keyword>
                    <keyword>
                        <gco:CharacterString>address</gco:CharacterString>
                    </keyword>
                    <keyword>
                        <gco:CharacterString>type</gco:CharacterString>
                    </keyword>
                    <keyword>
                        <gco:CharacterString>status</gco:CharacterString>
                    </keyword>
                    <keyword>
                        <gco:CharacterString>power</gco:CharacterString>
                    </keyword>
                    <keyword>
                        <gco:CharacterString>grid</gco:CharacterString>
                    </keyword>
                    <keyword>
                        <gco:CharacterString>generation</gco:CharacterString>
                    </keyword>
                    <keyword>
                        <gco:CharacterString>megawatts</gco:CharacterString>
                    </keyword>
                    <keyword>
                        <gco:CharacterString>power plants</gco:CharacterString>
                    </keyword>
                    <keyword>
                        <gco:CharacterString>electric</gco:CharacterString>
                    </keyword>
                    <keyword>
                        <gco:CharacterString>energy infrastructure</gco:CharacterString>
                    </keyword>
                    <keyword>
                        <gco:CharacterString>operators</gco:CharacterString>
                    </keyword>
                    <keyword>
                        <gco:CharacterString>capacity</gco:CharacterString>
                    </keyword>
                    <keyword>
                        <gco:CharacterString>generating units</gco:CharacterString>
                    </keyword>
                    <keyword>
                        <gco:CharacterString>fuel</gco:CharacterString>
                    </keyword>
                    <keyword>
                        <gco:CharacterString>nuclear</gco:CharacterString>
                    </keyword>
                    <keyword>
                        <gco:CharacterString>hydroelectric</gco:CharacterString>
                    </keyword>
                    <keyword>
                        <gco:CharacterString>fossil fuels</gco:CharacterString>
                    </keyword>
                    <keyword>
                        <gco:CharacterString>solar</gco:CharacterString>
                    </keyword>
                    <keyword>
                        <gco:CharacterString>wind</gco:CharacterString>
                    </keyword>
                    <keyword>
                        <gco:CharacterString>geothermal</gco:CharacterString>
                    </keyword>
                    <keyword>
                        <gco:CharacterString>biomass</gco:CharacterString>
                    </keyword>
                </MD_Keywords>
            </descriptiveKeywords>
            <descriptiveKeywords>
                <MD_Keywords>
                    <keyword>
                        <gco:CharacterString>homeland security</gco:CharacterString>
                    </keyword>
                    <keyword>
                        <gco:CharacterString>homeland defense</gco:CharacterString>
                    </keyword>
                    <keyword>
                        <gco:CharacterString>emergency response</gco:CharacterString>
                    </keyword>
                    <keyword>
                        <gco:CharacterString>name</gco:CharacterString>
                    </keyword>
                    <keyword>
                        <gco:CharacterString>address</gco:CharacterString>
                    </keyword>
                    <keyword>
                        <gco:CharacterString>type</gco:CharacterString>
                    </keyword>
                    <keyword>
                        <gco:CharacterString>status</gco:CharacterString>
                    </keyword>
                    <keyword>
                        <gco:CharacterString>power</gco:CharacterString>
                    </keyword>
                    <keyword>
                        <gco:CharacterString>grid</gco:CharacterString>
                    </keyword>
                    <keyword>
                        <gco:CharacterString>generation</gco:CharacterString>
                    </keyword>
                    <keyword>
                        <gco:CharacterString>megawatts</gco:CharacterString>
                    </keyword>
                    <keyword>
                        <gco:CharacterString>power plants</gco:CharacterString>
                    </keyword>
                    <keyword>
                        <gco:CharacterString>electric</gco:CharacterString>
                    </keyword>
                    <keyword>
                        <gco:CharacterString>energy infrastructure</gco:CharacterString>
                    </keyword>
                    <keyword>
                        <gco:CharacterString>operators</gco:CharacterString>
                    </keyword>
                    <keyword>
                        <gco:CharacterString>capacity</gco:CharacterString>
                    </keyword>
                    <keyword>
                        <gco:CharacterString>generating units</gco:CharacterString>
                    </keyword>
                    <keyword>
                        <gco:CharacterString>fuel</gco:CharacterString>
                    </keyword>
                    <keyword>
                        <gco:CharacterString>nuclear</gco:CharacterString>
                    </keyword>
                    <keyword>
                        <gco:CharacterString>hydroelectric</gco:CharacterString>
                    </keyword>
                    <keyword>
                        <gco:CharacterString>fossil fuels</gco:CharacterString>
                    </keyword>
                    <keyword>
                        <gco:CharacterString>solar</gco:CharacterString>
                    </keyword>
                    <keyword>
                        <gco:CharacterString>wind</gco:CharacterString>
                    </keyword>
                    <keyword>
                        <gco:CharacterString>geothermal</gco:CharacterString>
                    </keyword>
                    <keyword>
                        <gco:CharacterString>biomass</gco:CharacterString>
                    </keyword>
                </MD_Keywords>
            </descriptiveKeywords>
            <descriptiveKeywords>
                <MD_Keywords>
                    <keyword>
                        <gco:CharacterString>homeland security</gco:CharacterString>
                    </keyword>
                    <keyword>
                        <gco:CharacterString>homeland defense</gco:CharacterString>
                    </keyword>
                    <keyword>
                        <gco:CharacterString>emergency response</gco:CharacterString>
                    </keyword>
                    <keyword>
                        <gco:CharacterString>name</gco:CharacterString>
                    </keyword>
                    <keyword>
                        <gco:CharacterString>address</gco:CharacterString>
                    </keyword>
                    <keyword>
                        <gco:CharacterString>type</gco:CharacterString>
                    </keyword>
                    <keyword>
                        <gco:CharacterString>status</gco:CharacterString>
                    </keyword>
                    <keyword>
                        <gco:CharacterString>power</gco:CharacterString>
                    </keyword>
                    <keyword>
                        <gco:CharacterString>grid</gco:CharacterString>
                    </keyword>
                    <keyword>
                        <gco:CharacterString>generation</gco:CharacterString>
                    </keyword>
                    <keyword>
                        <gco:CharacterString>megawatts</gco:CharacterString>
                    </keyword>
                    <keyword>
                        <gco:CharacterString>power plants</gco:CharacterString>
                    </keyword>
                    <keyword>
                        <gco:CharacterString>electric</gco:CharacterString>
                    </keyword>
                    <keyword>
                        <gco:CharacterString>energy infrastructure</gco:CharacterString>
                    </keyword>
                    <keyword>
                        <gco:CharacterString>operators</gco:CharacterString>
                    </keyword>
                    <keyword>
                        <gco:CharacterString>capacity</gco:CharacterString>
                    </keyword>
                    <keyword>
                        <gco:CharacterString>generating units</gco:CharacterString>
                    </keyword>
                    <keyword>
                        <gco:CharacterString>fuel</gco:CharacterString>
                    </keyword>
                    <keyword>
                        <gco:CharacterString>nuclear</gco:CharacterString>
                    </keyword>
                    <keyword>
                        <gco:CharacterString>hydroelectric</gco:CharacterString>
                    </keyword>
                    <keyword>
                        <gco:CharacterString>fossil fuels</gco:CharacterString>
                    </keyword>
                    <keyword>
                        <gco:CharacterString>solar</gco:CharacterString>
                    </keyword>
                    <keyword>
                        <gco:CharacterString>wind</gco:CharacterString>
                    </keyword>
                    <keyword>
                        <gco:CharacterString>geothermal</gco:CharacterString>
                    </keyword>
                    <keyword>
                        <gco:CharacterString>biomass</gco:CharacterString>
                    </keyword>
                </MD_Keywords>
            </descriptiveKeywords>
            <descriptiveKeywords>
                <MD_Keywords>
                    <keyword>
                        <gco:CharacterString>homeland security</gco:CharacterString>
                    </keyword>
                    <keyword>
                        <gco:CharacterString>homeland defense</gco:CharacterString>
                    </keyword>
                    <keyword>
                        <gco:CharacterString>emergency response</gco:CharacterString>
                    </keyword>
                    <keyword>
                        <gco:CharacterString>name</gco:CharacterString>
                    </keyword>
                    <keyword>
                        <gco:CharacterString>address</gco:CharacterString>
                    </keyword>
                    <keyword>
                        <gco:CharacterString>type</gco:CharacterString>
                    </keyword>
                    <keyword>
                        <gco:CharacterString>status</gco:CharacterString>
                    </keyword>
                    <keyword>
                        <gco:CharacterString>power</gco:CharacterString>
                    </keyword>
                    <keyword>
                        <gco:CharacterString>grid</gco:CharacterString>
                    </keyword>
                    <keyword>
                        <gco:CharacterString>generation</gco:CharacterString>
                    </keyword>
                    <keyword>
                        <gco:CharacterString>megawatts</gco:CharacterString>
                    </keyword>
                    <keyword>
                        <gco:CharacterString>power plants</gco:CharacterString>
                    </keyword>
                    <keyword>
                        <gco:CharacterString>electric</gco:CharacterString>
                    </keyword>
                    <keyword>
                        <gco:CharacterString>energy infrastructure</gco:CharacterString>
                    </keyword>
                    <keyword>
                        <gco:CharacterString>operators</gco:CharacterString>
                    </keyword>
                    <keyword>
                        <gco:CharacterString>capacity</gco:CharacterString>
                    </keyword>
                    <keyword>
                        <gco:CharacterString>generating units</gco:CharacterString>
                    </keyword>
                    <keyword>
                        <gco:CharacterString>fuel</gco:CharacterString>
                    </keyword>
                    <keyword>
                        <gco:CharacterString>nuclear</gco:CharacterString>
                    </keyword>
                    <keyword>
                        <gco:CharacterString>hydroelectric</gco:CharacterString>
                    </keyword>
                    <keyword>
                        <gco:CharacterString>fossil fuels</gco:CharacterString>
                    </keyword>
                    <keyword>
                        <gco:CharacterString>solar</gco:CharacterString>
                    </keyword>
                    <keyword>
                        <gco:CharacterString>wind</gco:CharacterString>
                    </keyword>
                    <keyword>
                        <gco:CharacterString>geothermal</gco:CharacterString>
                    </keyword>
                    <keyword>
                        <gco:CharacterString>biomass</gco:CharacterString>
                    </keyword>
                </MD_Keywords>
            </descriptiveKeywords>
            <descriptiveKeywords>
                <MD_Keywords>
                    <keyword>
                        <gco:CharacterString>homeland security</gco:CharacterString>
                    </keyword>
                    <keyword>
                        <gco:CharacterString>homeland defense</gco:CharacterString>
                    </keyword>
                    <keyword>
                        <gco:CharacterString>emergency response</gco:CharacterString>
                    </keyword>
                    <keyword>
                        <gco:CharacterString>name</gco:CharacterString>
                    </keyword>
                    <keyword>
                        <gco:CharacterString>address</gco:CharacterString>
                    </keyword>
                    <keyword>
                        <gco:CharacterString>type</gco:CharacterString>
                    </keyword>
                    <keyword>
                        <gco:CharacterString>status</gco:CharacterString>
                    </keyword>
                    <keyword>
                        <gco:CharacterString>power</gco:CharacterString>
                    </keyword>
                    <keyword>
                        <gco:CharacterString>grid</gco:CharacterString>
                    </keyword>
                    <keyword>
                        <gco:CharacterString>generation</gco:CharacterString>
                    </keyword>
                    <keyword>
                        <gco:CharacterString>megawatts</gco:CharacterString>
                    </keyword>
                    <keyword>
                        <gco:CharacterString>power plants</gco:CharacterString>
                    </keyword>
                    <keyword>
                        <gco:CharacterString>electric</gco:CharacterString>
                    </keyword>
                    <keyword>
                        <gco:CharacterString>energy infrastructure</gco:CharacterString>
                    </keyword>
                    <keyword>
                        <gco:CharacterString>operators</gco:CharacterString>
                    </keyword>
                    <keyword>
                        <gco:CharacterString>capacity</gco:CharacterString>
                    </keyword>
                    <keyword>
                        <gco:CharacterString>generating units</gco:CharacterString>
                    </keyword>
                    <keyword>
                        <gco:CharacterString>fuel</gco:CharacterString>
                    </keyword>
                    <keyword>
                        <gco:CharacterString>nuclear</gco:CharacterString>
                    </keyword>
                    <keyword>
                        <gco:CharacterString>hydroelectric</gco:CharacterString>
                    </keyword>
                    <keyword>
                        <gco:CharacterString>fossil fuels</gco:CharacterString>
                    </keyword>
                    <keyword>
                        <gco:CharacterString>solar</gco:CharacterString>
                    </keyword>
                    <keyword>
                        <gco:CharacterString>wind</gco:CharacterString>
                    </keyword>
                    <keyword>
                        <gco:CharacterString>geothermal</gco:CharacterString>
                    </keyword>
                    <keyword>
                        <gco:CharacterString>biomass</gco:CharacterString>
                    </keyword>
                </MD_Keywords>
            </descriptiveKeywords>
            <descriptiveKeywords>
                <MD_Keywords>
                    <keyword>
                        <gco:CharacterString>homeland security</gco:CharacterString>
                    </keyword>
                    <keyword>
                        <gco:CharacterString>homeland defense</gco:CharacterString>
                    </keyword>
                    <keyword>
                        <gco:CharacterString>emergency response</gco:CharacterString>
                    </keyword>
                    <keyword>
                        <gco:CharacterString>name</gco:CharacterString>
                    </keyword>
                    <keyword>
                        <gco:CharacterString>address</gco:CharacterString>
                    </keyword>
                    <keyword>
                        <gco:CharacterString>type</gco:CharacterString>
                    </keyword>
                    <keyword>
                        <gco:CharacterString>status</gco:CharacterString>
                    </keyword>
                    <keyword>
                        <gco:CharacterString>power</gco:CharacterString>
                    </keyword>
                    <keyword>
                        <gco:CharacterString>grid</gco:CharacterString>
                    </keyword>
                    <keyword>
                        <gco:CharacterString>generation</gco:CharacterString>
                    </keyword>
                    <keyword>
                        <gco:CharacterString>megawatts</gco:CharacterString>
                    </keyword>
                    <keyword>
                        <gco:CharacterString>power plants</gco:CharacterString>
                    </keyword>
                    <keyword>
                        <gco:CharacterString>electric</gco:CharacterString>
                    </keyword>
                    <keyword>
                        <gco:CharacterString>energy infrastructure</gco:CharacterString>
                    </keyword>
                    <keyword>
                        <gco:CharacterString>operators</gco:CharacterString>
                    </keyword>
                    <keyword>
                        <gco:CharacterString>capacity</gco:CharacterString>
                    </keyword>
                    <keyword>
                        <gco:CharacterString>generating units</gco:CharacterString>
                    </keyword>
                    <keyword>
                        <gco:CharacterString>fuel</gco:CharacterString>
                    </keyword>
                    <keyword>
                        <gco:CharacterString>nuclear</gco:CharacterString>
                    </keyword>
                    <keyword>
                        <gco:CharacterString>hydroelectric</gco:CharacterString>
                    </keyword>
                    <keyword>
                        <gco:CharacterString>fossil fuels</gco:CharacterString>
                    </keyword>
                    <keyword>
                        <gco:CharacterString>solar</gco:CharacterString>
                    </keyword>
                    <keyword>
                        <gco:CharacterString>wind</gco:CharacterString>
                    </keyword>
                    <keyword>
                        <gco:CharacterString>geothermal</gco:CharacterString>
                    </keyword>
                    <keyword>
                        <gco:CharacterString>biomass</gco:CharacterString>
                    </keyword>
                </MD_Keywords>
            </descriptiveKeywords>
            <descriptiveKeywords>
                <MD_Keywords>
                    <keyword>
                        <gco:CharacterString>homeland security</gco:CharacterString>
                    </keyword>
                    <keyword>
                        <gco:CharacterString>homeland defense</gco:CharacterString>
                    </keyword>
                    <keyword>
                        <gco:CharacterString>emergency response</gco:CharacterString>
                    </keyword>
                    <keyword>
                        <gco:CharacterString>name</gco:CharacterString>
                    </keyword>
                    <keyword>
                        <gco:CharacterString>address</gco:CharacterString>
                    </keyword>
                    <keyword>
                        <gco:CharacterString>type</gco:CharacterString>
                    </keyword>
                    <keyword>
                        <gco:CharacterString>status</gco:CharacterString>
                    </keyword>
                    <keyword>
                        <gco:CharacterString>power</gco:CharacterString>
                    </keyword>
                    <keyword>
                        <gco:CharacterString>grid</gco:CharacterString>
                    </keyword>
                    <keyword>
                        <gco:CharacterString>generation</gco:CharacterString>
                    </keyword>
                    <keyword>
                        <gco:CharacterString>megawatts</gco:CharacterString>
                    </keyword>
                    <keyword>
                        <gco:CharacterString>power plants</gco:CharacterString>
                    </keyword>
                    <keyword>
                        <gco:CharacterString>electric</gco:CharacterString>
                    </keyword>
                    <keyword>
                        <gco:CharacterString>energy infrastructure</gco:CharacterString>
                    </keyword>
                    <keyword>
                        <gco:CharacterString>operators</gco:CharacterString>
                    </keyword>
                    <keyword>
                        <gco:CharacterString>capacity</gco:CharacterString>
                    </keyword>
                    <keyword>
                        <gco:CharacterString>generating units</gco:CharacterString>
                    </keyword>
                    <keyword>
                        <gco:CharacterString>fuel</gco:CharacterString>
                    </keyword>
                    <keyword>
                        <gco:CharacterString>nuclear</gco:CharacterString>
                    </keyword>
                    <keyword>
                        <gco:CharacterString>hydroelectric</gco:CharacterString>
                    </keyword>
                    <keyword>
                        <gco:CharacterString>fossil fuels</gco:CharacterString>
                    </keyword>
                    <keyword>
                        <gco:CharacterString>solar</gco:CharacterString>
                    </keyword>
                    <keyword>
                        <gco:CharacterString>wind</gco:CharacterString>
                    </keyword>
                    <keyword>
                        <gco:CharacterString>geothermal</gco:CharacterString>
                    </keyword>
                    <keyword>
                        <gco:CharacterString>biomass</gco:CharacterString>
                    </keyword>
                </MD_Keywords>
            </descriptiveKeywords>
            <resourceConstraints>
                <MD_Constraints>
                    <useLimitation>
                        <gco:CharacterString>None (Public Use). Users are advised to read the data set's metadata thoroughly to understand appropriate use and data limitations.</gco:CharacterString>
                    </useLimitation>
                </MD_Constraints>
            </resourceConstraints>
            <spatialRepresentationType>
                <MD_SpatialRepresentationTypeCode codeList="http://www.isotc211.org/2005/resources/Codelist/gmxCodelists.xml#MD_SpatialRepresentationTypeCode" codeListValue="vector" codeSpace="ISOTC211/19115">vector</MD_SpatialRepresentationTypeCode>
            </spatialRepresentationType>
            <language>
                <LanguageCode codeList="http://www.loc.gov/standards/iso639-2/php/code_list.php" codeListValue="eng" codeSpace="ISO639-2">eng</LanguageCode>
            </language>
            <characterSet>
                <MD_CharacterSetCode codeList="http://www.isotc211.org/2005/resources/Codelist/gmxCodelists.xml#MD_CharacterSetCode" codeListValue="utf8" codeSpace="ISOTC211/19115">utf8</MD_CharacterSetCode>
            </characterSet>
            <environmentDescription>
                <gco:CharacterString> Version 6.2 (Build 9200) ; Esri ArcGIS 10.7.0.10450</gco:CharacterString>
            </environmentDescription>
            <extent>
                <EX_Extent>
                    <geographicElement>
                        <EX_GeographicBoundingBox>
                            <extentTypeCode>
                                <gco:Boolean>true</gco:Boolean>
                            </extentTypeCode>
                            <westBoundLongitude>
                                <gco:Decimal>-171.712439</gco:Decimal>
                            </westBoundLongitude>
                            <eastBoundLongitude>
                                <gco:Decimal>145.740997</gco:Decimal>
                            </eastBoundLongitude>
                            <southBoundLatitude>
                                <gco:Decimal>-14.324512</gco:Decimal>
                            </southBoundLatitude>
                            <northBoundLatitude>
                                <gco:Decimal>71.292093</gco:Decimal>
                            </northBoundLatitude>
                        </EX_GeographicBoundingBox>
                    </geographicElement>
                </EX_Extent>
            </extent>
        </MD_DataIdentification>
    </identificationInfo>
    <distributionInfo>
        <MD_Distribution>
            <distributionFormat>
                <MD_Format>
                    <name>
                        <gco:CharacterString>File Geodatabase Feature Class</gco:CharacterString>
                    </name>
                    <version gco:nilReason="missing"/>
                </MD_Format>
            </distributionFormat>
        </MD_Distribution>
    </distributionInfo>
</MD_Metadata>
